feature_1,feature_2,feature_3,feature_4,feature_5,feature_6,target
32,9.4,24,1.6,0.64,0.33,2.962563829
36,9.65,23,2.55,0.62,0.37,2.292427702
41,9.6,26,2.15,0.63,0.32,3.837018424
44,9.5,27,1.15,0.61,0.33,4.426207561
29,9.5,11,1.55,0.69,0.16,-0.105761248
30.8,9.4,14,1.81,0.61,0.29,0.077019692
25,9.5,45,4.79,0.72,0.12,40.78688477
26,9,20,0.87,0.62,0.41,1.407841402
40,9.4,19,1.56,0.66,0.2,0.641935076
52,9.5,56,2.41,0.56,0.47,96.79591361
54,9.4,48,1.8,0.62,0.29,51.41907207
44,9.4,45,1.25,0.72,0.15,40.10956726
43,9.4,54,2.33,0.55,0.51,84.12018909
38,9.7,40,2.44,0.63,0.31,24.98541492
46,9.7,40,1.91,0.58,0.44,24.545972
47,9.9,41,1.91,0.58,0.44,27.13391364
47,9.7,39,1.91,0.58,0.44,22.01581898
48,9.8,36,5.19,0.7,0.21,15.57567596
50,9.9,38,5.29,0.61,0.39,19.45612372
48,9.8,33,2.33,0.59,0.37,10.68251633
18,9,47,3.74,1.02,0.02,48.70528714
35,9.95,18,1.92,0.7,0.21,0.599712251
35,9.8,13,1.38,0.69,0.22,-0.15617445
35,9.8,16,1.2,0.6,0.48,0.204112006
39,10.1,22,1.86,0.64,0.4,1.711251534
38,10.1,20,1.22,0.61,0.46,1.02049664
39,10.3,19,1.36,0.61,0.43,0.679949049
27,9.5,12,1.62,0.65,0.22,0.000892085
35.7,9.5,17,3.04,0.63,0.29,0.351250014
34.8,9.7,15,2.39,0.62,0.33,0.061991494
25,9.5,45,4.79,0.72,0.12,40.78688477
28,9,21,0.58,0.69,0.17,1.715681077
29,8.9,21,0.3,0.64,0.26,1.690087689
33,8.9,44,1.27,0.62,0.36,37.07432486
33,8.9,59,2.22,0.58,0.51,120.7197852
32,9.3,56,1.8,0.6,0.29,97.95604126
37,9.3,48,1.86,0.6,0.26,52.51884392
22,9.2,34,1.07,0.63,0.34,13.23415473
28,9.3,10,0.84,0.73,0.1,-0.123768204
36,9.3,19,2.14,0.62,0.34,0.808621679
33,9.3,55,2.45,0.56,0.46,91.05895431
37,9.4,36,0.96,0.58,0.41,16.24709003
35,9.5,38,0.89,0.58,0.44,20.37855207
48,9.7,42,2.46,0.6,0.41,29.91336369
50,10,53,2.79,0.58,0.48,77.50712618
49,9.8,47,2.35,0.59,0.45,47.50630305
49,9.7,46,2.8,0.58,0.48,43.47411553
37,9.2,16,0.65,0.58,0.35,0.133943828
47,9.7,46,4.31,0.61,0.38,43.59455773
46,9.9,48,3.15,0.58,0.44,51.98548793
48,9.8,45,2.27,0.58,0.4,39.80221032
44,9.5,38,2.75,0.67,0.21,19.93120323
35,9,14,1,0.69,0.19,-0.055261275
28,8.7,52,3.5,0.64,0.37,72.8157036
20,9.1,33,2.16,0.7,0.16,11.75823579
23,9.3,31,1.7,0.67,0.28,9.088995528
27,9.4,25,1.37,0.66,0.24,3.690135657
32,9.3,18,1.01,0.68,0.2,0.708988346
44,9.5,32,1.15,0.61,0.33,9.590820391
40,10,17,1.84,0.68,0.24,0.171615266
41,10.2,19,1.75,0.62,0.45,0.57822626
38,10.1,28,1.67,0.6,0.49,5.5485057
35.5,9.6,15,1.97,0.6,0.33,0.03826747
34,9.7,17,2.41,0.6,0.34,0.416821746
37,9.7,15,2.03,0.68,0.2,-0.018856322
38,9.7,29,3.72,0.65,0.31,6.461574844
25,9.5,45,4.79,0.72,0.12,40.78688477
33,8.9,34,1.82,0.63,0.27,12.9665979
35,8.95,36,1.78,0.64,0.28,16.32478858
36,9,36,1.66,0.61,0.33,16.28462404
34,9,34,0,0.45,1.14,12.91699347
45,9.4,58,1.88,0.57,0.35,112.1557148
56,9.4,57,1.49,0.55,0.41,103.6886491
24,9.2,32,1.86,0.62,0.26,10.32185937
28,9.3,31,0.69,0.58,0.34,8.99379971
30,9.7,38,1.86,0.62,0.26,20.54234522
29,9.7,35,2.01,0.57,0.41,14.71897163
40,9,30,1.21,0.62,0.3,7.425407824
40,9.2,22,1.7,0.6,0.32,1.672072566
44,9.2,25,1.67,0.61,0.33,3.015686115
48,9.3,20,1.72,0.6,0.34,0.459373074
54,9.3,35,2.89,0.6,0.42,13.33271762
47,9.4,39,1.91,0.58,0.44,22.01722156
38,9.2,14,1.16,0.59,0.34,-0.180531626
39,9.1,10,0.84,0.62,0.26,-0.502173235
41,9.1,9,0.41,0.62,0.25,-0.630304456
43,9.2,26,2.62,0.64,0.33,3.723693569
35,9.5,38,0.89,0.58,0.44,20.37855207
49,9.7,46,2.8,0.58,0.48,43.47411553
40,9.1,22,1.64,0.53,0.59,1.663115022
41,9.2,25,2.2,0.51,0.68,3.161818321
43,9.2,24,2.67,0.55,0.55,2.466442367
38,9.1,16,1.1,0.7,0.17,0.093377116
41,9.4,22,1.01,0.68,0.2,1.632719962
44,9.4,22,0.85,0.63,0.27,1.467029258
49,9.4,27,1.78,0.64,0.28,4.092100701
29,8.9,37,1.58,0.65,0.26,18.46464149
29,9.2,68,1.5,0.71,0.19,213.5158265
30,9.1,77,3.83,0.66,0.4,351.1164643
30,9.2,10,1.38,0.66,0.24,-0.17849852
33,9.3,26,1.62,0.62,0.33,4.180182659
34,9.4,27,2.29,0.64,0.28,4.884900045
34,9.4,27,2.13,0.62,0.33,4.884179573
38,9.4,32,1.78,0.64,0.28,9.894927694
44,9.5,32,1.15,0.61,0.33,9.590820391
36,9.7,26,2.83,0.65,0.34,4.056666445
36,9.7,25,2.51,0.69,0.25,3.402055918
37.3,9.8,34,3.7,0.68,0.29,12.77299458
38,9.7,33,3.2,0.65,0.36,11.24192025
21,9,9,1.21,0.77,0.11,-0.030722731
25,9.5,45,4.79,0.72,0.12,40.78688477
34,9.4,36,2.58,0.62,0.36,16.34588037
35,9.5,37,2.42,0.6,0.42,18.25054186
35,9.35,36,1.6,0.61,0.35,16.32211668
35,9.35,38,0,0.44,1.2,20.35699976
27,9.7,33,2.12,0.58,0.37,11.62496373
40,9.7,31,2.23,0.59,0.34,8.543448575
42,9.6,48,1.74,0.51,0.76,52.23322391
50,9.6,51,2.42,0.58,0.44,66.27785088
43,9.3,20,1.53,0.56,0.41,0.773429394
45,9.3,24,2.04,0.57,0.4,2.361598282
50,9.3,34,1.21,0.54,0.55,12.04586146
51,9.5,34,1.98,0.59,0.41,11.96269088
52,9.6,44,3.09,0.62,0.36,35.95517588
55,9.7,46,2.56,0.6,0.38,42.99010986
42,9.2,18,2.13,0.62,0.34,0.278134116
42,9.2,21,1.52,0.61,0.36,1.172723736
39,9.1,22,1.56,0.62,0.36,1.718577585
33,9,36,1.23,0.57,0.5,16.39173045
49,9.7,46,2.8,0.58,0.48,43.47411553
48,9.3,25,3.08,0.56,0.58,2.727151976
50,9.4,28,2.05,0.51,0.82,4.812863846
48,9.6,30,2.4,0.54,0.65,6.911030997
45,9.1,21,1.16,0.61,0.33,1.00530468
51,9.35,27,1.09,0.61,0.35,3.945421799
50,9.3,32,1.46,0.61,0.39,9.17702176
51,9.4,29,1.66,0.62,0.33,5.693322197
20,9.7,9,0.74,0.74,0.12,-0.017266053
20,10.4,13,1.3,0.7,0.17,0.199022935
41,10.8,29,2.54,0.73,0.17,6.337474801
31,9.15,11,1.79,0.63,0.34,-0.164268654
32,9.2,11,1.54,0.62,0.35,-0.19369908
33,9.2,10,2.11,0.65,0.32,-0.272629904
33,9.2,10,1.97,0.61,0.39,-0.273072602
37,9,38,1.68,0.63,0.31,20.29651252
45,8.8,23,1.03,0.52,0.53,1.851421725
54,8.9,29,1.79,0.53,0.52,5.431751236
38,9.7,33,1.54,0.6,0.38,11.26346627
40,9.7,35,2.61,0.64,0.33,14.30104845
41,9.8,39,2.6,0.63,0.34,22.37008043
44,9.8,32,3.07,0.63,0.35,9.560289545
47,10.1,40,3.2,0.6,0.49,24.4458142
47,10.1,41,2.59,0.6,0.52,27.10877781
48,10.1,44,3.1,0.6,0.52,36.24304539
49,10.1,39,1.94,0.58,0.58,21.85595102
38.4,9.9,24,1.89,0.65,0.3,2.716337377
39,9.9,26,1.74,0.66,0.28,3.94039211
40.7,9.8,29,2.19,0.62,0.4,6.344107377
41,9.8,29,1.83,0.63,0.34,6.336902287
20,9,8,0.91,0.7,0.21,-0.042601251
30,8.9,8,0.7,0.62,0.3,-0.234677322
35,9,9,0.64,0.54,0.54,-0.373397075
39,9,9,1.45,0.64,0.24,-0.537508974
27,9.3,34,2.59,0.6,0.21,13.13200762
27,9.3,42,3.5,0.63,0.24,30.86450721
28,9.5,49,4.01,0.65,0.22,57.3548466
36,9.4,53,2.76,0.59,0.48,78.33482262
37,9.4,53,2.75,0.63,0.31,78.30836944
37,9.4,68,2.87,0.6,0.45,213.1711893
37,9.4,75,3.57,0.57,0.57,315.7159323
51,9.3,21,1.53,0.57,0.4,0.579224818
52,9.4,32,2.1,0.54,0.59,8.994931352
50,9.4,34,2.65,0.56,0.54,12.02001435
53,9.6,37,1.76,0.49,0.85,17.13995748
55,9.8,50,2.93,0.6,0.42,60.68778492
53,9.7,45,3.09,0.61,0.36,39.39300059
53,9.7,47,3.34,0.62,0.29,47.18141259
57,9.6,60,5.74,0.65,0.29,127.4898906
41,9.1,19,1.15,0.61,0.33,0.590789018
41,9.1,16,0.91,0.65,0.23,-0.048731708
40,9.1,16,1.46,0.66,0.21,-0.002044704
42,9.2,24,2.15,0.63,0.32,2.536529977
37,8.9,35,1.52,0.61,0.36,14.4547447
41,9.1,30,0.74,0.56,0.51,7.369746231
40,9.1,28,1.07,0.59,0.38,5.471745223
39,9.1,29,0.85,0.58,0.44,6.443763628
44,9.1,15,1.26,0.57,0.34,-0.365528594
43,9.2,25,2.63,0.61,0.35,3.061811147
43,9.2,29,3.17,0.63,0.32,6.215099296
54,9.7,34,4.02,0.58,0.58,11.65503463
56,9.7,37,1.6,0.52,0.87,16.86141634
55,9.8,34,0.92,0.52,0.84,11.60240046
58,9.8,33,0.87,0.5,0.91,9.806137218
47,9.4,25,2.02,0.67,0.2,2.829495946
47,9.4,24,1.27,0.64,0.28,2.246219237
48,9.4,26,1.27,0.64,0.28,3.426983861
49,9.4,32,1.68,0.63,0.31,9.254159308
45,11.2,50,3.49,0.72,0.2,61.47395119
56,11.7,89,4.25,0.73,0.2,625.3693083
53,12,83,5.69,0.77,0.14,472.7872417
48,8.75,6,0.63,0.67,0.14,-1.097131303
56,8.75,7,0.5,0.64,0.19,-1.738271314
57,8.85,8,0.65,0.59,0.34,-1.822012375
32,9.3,11,2.36,0.63,0.32,-0.196159021
30,9.3,15,2.44,0.61,0.4,0.215080447
57,8.9,27,1.31,0.53,0.52,3.404594003
55,8.95,32,1.86,0.51,0.72,8.731465175
55,8.9,42,2.4,0.52,0.77,29.31548702
44,9.9,47,3.45,0.64,0.38,47.82385618
43,9.9,41,1.91,0.6,0.42,27.38490755
48,10.1,40,2.05,0.59,0.55,24.39182502
49,10,42,2.08,0.6,0.52,29.83348442
49,10.2,43,2.18,0.6,0.49,32.90243189
49,10.1,47,2.83,0.62,0.42,47.49460066
39.8,10,30,1.89,0.65,0.3,7.42372082
39,10.1,30,1.74,0.66,0.28,7.464631596
40.7,9.8,29,2.19,0.62,0.4,6.344107377
41,9.8,29,1.83,0.63,0.34,6.336902287
40,9,11,2.48,0.66,0.21,-0.509979338
40,9.3,18,2.62,0.61,0.35,0.376619051
42,9.3,23,3.56,0.61,0.45,1.998504553
48,9.3,23,3.75,0.64,0.36,1.627454725
29,9.6,55,5.08,0.67,0.19,91.16185269
34,9.75,64,4.48,0.66,0.23,167.2494429
38,9.4,75,3.31,0.59,0.47,315.6889317
37,9.4,67,2.69,0.58,0.51,200.869093
39,9.6,64,2.66,0.58,0.51,167.0417257
40,9.7,67,3.34,0.6,0.45,200.7115342
55,9.7,68,2.52,0.6,0.39,211.9708934
53,9.6,34,1.87,0.5,0.81,11.77086941
54,9.6,32,2.46,0.57,0.5,8.821359878
54,9.7,45,2.15,0.54,0.64,39.29793669
53,9.7,47,3.34,0.62,0.29,47.18141259
42,9.2,20,1.63,0.62,0.34,0.829155853
43,9.1,19,1.68,0.63,0.31,0.479911211
45,9.2,26,2.13,0.62,0.33,3.611583763
44,9.3,24,2.13,0.62,0.33,2.423351955
41,9.2,35,1.29,0.57,0.47,14.26318439
47,9.2,34,1.95,0.6,0.41,12.25782492
45,9.3,43,2.73,0.6,0.49,33.17105429
43,9.3,41,3.01,0.62,0.37,27.37188192
43,9.4,36,2.41,0.62,0.41,15.92681703
47,9.4,45,2.93,0.6,0.42,39.85597329
46,9.3,34,1.58,0.59,0.38,12.3326986
49,9.3,34,2.34,0.64,0.26,12.12211832
50,9.7,23,1.46,0.61,0.39,1.505104487
54,9.7,29,1.44,0.59,0.42,5.438001606
50,9.8,37,1.85,0.58,0.53,17.40168285
51,9.7,35,1.44,0.57,0.5,13.60471672
42,8.8,29,0.62,0.6,0.35,6.301887462
45,8.8,22,0.85,0.58,0.44,1.400683777
45,8.8,23,1.97,0.61,0.39,1.845122659
45,9.4,27,1.27,0.64,0.28,4.367278839
48,8.9,14,0.07,0.52,0.59,-0.740552569
48,8.9,13,0.65,0.59,0.34,-0.835489383
49,8.9,10,0.72,0.59,0.31,-1.087978706
31,9.2,13,2.06,0.6,0.45,-0.030588258
57,8.9,42,2.57,0.56,0.58,29.13432872
58,8.9,46,2.17,0.54,0.65,42.68222953
55,9,38,1.52,0.52,0.63,19.09424954
39,10,31,2.64,0.69,0.23,8.590929876
39.5,10.1,35,3.07,0.63,0.44,14.30882938
40.7,9.8,29,2.19,0.62,0.4,6.344107377
41,9.8,29,1.83,0.63,0.34,6.336902287
49,9.3,24,4.09,0.62,0.43,2.064037969
47,9.4,23,4.09,0.62,0.43,1.688900952
48,9.5,25,4.27,0.6,0.55,2.711500572
34,9.7,70,5.18,0.67,0.18,239.5558446
38,9.5,66,5.87,0.68,0.13,189.0303652
40,9.4,47,2.24,0.63,0.15,48.09800585
40,9.7,64,1.63,0.57,0.54,167.0140284
41,9.8,74,2.79,0.6,0.46,299.009864
42,9.8,71,3.18,0.64,0.31,253.2231411
57,9.6,63,1.79,0.56,0.47,155.5226913
57,9.7,64,2.61,0.7,0.17,165.7829182
54,9.7,45,2.15,0.54,0.64,39.29793669
53,9.7,47,3.34,0.62,0.29,47.18141259
44,9.3,26,1.44,0.6,0.41,3.675296068
46,9.3,26,1.62,0.62,0.33,3.554285663
47,9.3,23,1.6,0.61,0.35,1.721439215
55,9.4,46,1.99,0.62,0.37,43.00592774
58,9.6,56,2.18,0.58,0.51,96.23082853
45,8.9,24,1.85,0.6,0.45,2.360600852
47,8.9,32,1.71,0.55,0.77,9.365160772
46,9,23,0.9,0.58,0.5,1.787939644
45,9,29,1.55,0.55,0.67,6.098084837
45,9.4,27,1.27,0.64,0.28,4.367278839
42,8.9,9,0.86,0.63,0.25,-0.68380639
44,9,8,0.9,0.63,0.24,-0.8188254
45,9.05,9,1.01,0.65,0.2,-0.85448472
57,9,52,2.22,0.55,0.54,71.11922771
55,9,22,2.15,0.51,0.6,0.619498795
34,9,6,0.55,0.81,0.03,-0.381649448
48,10.05,36,1.26,0.6,0.45,15.62160428
40.7,10.3,38,3.76,0.66,0.36,20.08119
39.3,10.4,41,2.78,0.65,0.35,27.56773043
38,9.9,37,3.16,0.69,0.22,18.12734421
41.3,10,38,2.79,0.66,0.34,20.06792762
51,9.4,25,26.22,0.03,1.72,2.23925559
46,9.5,23,2.85,0.58,0.54,1.763446366
47,9.5,23,2.9,0.6,0.49,1.698665822
52,9.5,26,3.7,0.59,0.58,3.069735626
38,9.4,45,1.41,0.53,0.31,40.40702444
39,9.4,57,4.06,0.72,0.06,104.8675412
40,9.35,47,2.9,0.71,0.09,48.09106183
43,9.4,50,2.67,0.64,0.18,61.62425284
39,9.7,65,2.44,0.61,0.4,177.7912304
41,9.8,70,4.81,0.66,0.27,239.2226387
43,9.9,73,2.52,0.58,0.55,283.0091354
43,9.9,66,2.48,0.63,0.37,188.8164374
59,9.8,73,2.57,0.56,0.58,281.6808678
57,9.7,64,3.05,0.67,0.17,165.7686715
64,9.8,91,3.38,0.39,1.5,682.5974861
54,8.7,14,0.66,0.67,0.14,-1.201632203
55,9.1,39,1.18,0.7,0.13,21.42759286
62,9.1,40,0.84,0.74,0.09,23.18086155
47,9.2,25,1.6,0.61,0.35,2.826159447
49,9.3,29,1.95,0.6,0.41,5.836122962
52,9.4,31,1.97,0.61,0.39,7.761346607
52,9.4,28,1.97,0.61,0.39,4.679258372
46,9.1,36,1.85,0.6,0.45,15.75149987
48,9.1,34,2.5,0.56,0.61,12.16593884
50,9.15,29,1.69,0.56,0.54,5.758211199
47,9.2,33,4.21,0.61,0.42,10.71914794
29,12,18,3.41,0.73,0.27,0.775745035
28,12.4,19,2.79,0.73,0.25,1.056828597
32,12.6,18,4.06,0.73,0.25,0.685470202
41.9,10,33,2.86,0.63,0.34,11.05446718
44.2,10.1,33,2.81,0.62,0.37,10.92094183
45,10.1,30,2.61,0.68,0.25,7.130351216
41.3,10.2,38,2.84,0.62,0.36,20.06663133
47,9.5,22,2.98,0.6,0.48,1.245253142
43,9.6,19,2.41,0.62,0.41,0.468536373
42,9.7,18,2.05,0.63,0.36,0.27677131
41,9.6,20,2.72,0.63,0.38,0.869662422
41,9.45,65,5.08,0.59,0.24,177.6460098
45,9.4,62,9.15,0.63,0.23,146.5588362
46,9.4,62,8.37,0.7,0.12,146.5287744
48,9.4,64,5.96,0.6,0.28,166.4346508
44,10,70,1.32,0.61,0.43,239.126741
41,9.7,61,1.02,0.59,0.38,137.6893206
41,9.7,54,1.03,0.59,0.38,84.27041809
40,9.7,56,0.93,0.6,0.41,97.6307002
59,9.6,80,8.75,0.86,0.03,407.1215173
57,9.6,64,3.47,0.6,0.25,165.7411268
54,9.4,68,0.23,0.61,0.29,212.16963
54,9.5,24,1.29,0.57,0.47,1.693442601
53,9.5,16,1.54,0.6,0.38,-0.864815998
52,9.5,26,1.5,0.6,0.38,3.114136562
63,9.3,23,0.36,0.34,2.95,0.157655563
47,9.2,34,6.13,0.67,0.26,12.20157709
48,9.4,33,3.72,0.58,0.51,10.65034891
47,9.4,22,1.14,0.57,0.44,1.268188617
44,9.4,26,2.75,0.62,0.37,3.661811889
52,9.2,80,4.7,0.9,0.02,407.9915068
46,9.5,12,1.18,0.71,0.14,-0.777718497
56,9.6,12,1.23,0.71,0.13,-1.563013001
34,12.6,17,3.78,0.71,0.26,0.406899007
33,12.55,21,3.06,0.71,0.25,1.548817231
41,12.6,25,4.93,0.63,0.49,3.126676799
35,9.1,12,2.11,0.57,0.54,-0.241988708
49,9.5,29,1.09,0.66,0.19,5.863913388
48,10.05,36,1.26,0.6,0.46,15.6205629
43.9,10,35,3.21,0.62,0.39,14.07375385
43.1,10.1,37,3.97,0.62,0.39,17.83874856
47,10.2,29,4.69,0.63,0.39,5.936520681
47.3,10.3,40,4.08,0.58,0.56,24.4013053
42,9.6,25,2.66,0.62,0.41,3.111840127
39,9.7,30,2.56,0.62,0.43,7.44662651
41,9.7,33,2.52,0.63,0.37,11.10533374
49,9.7,42,3.62,0.58,0.6,29.79653365
49,9.45,66,5.16,0.55,0.41,188.3351007
51,9.5,71,6.71,0.65,0.19,252.5048581
52,9.5,63,6.34,0.7,0.13,155.8875175
50,9.5,72,7.97,0.62,0.29,267.1401646
41,9.6,42,0.17,0.61,0.32,30.39257159
42,9.7,42,0.48,0.6,0.38,30.32862151
44,9.75,48,0.24,0.59,0.47,52.17017591
41,9.85,61,0.6,0.56,0.71,137.6562844
59,9.6,80,8.75,0.86,0.03,407.1215173
57,9.6,64,3.47,0.6,0.25,165.7411268
44,9.6,72,1.52,0.61,0.36,267.7718001
56,9.4,59,0.76,0.64,0.26,119.3406743
54,9.6,54,1.11,0.62,0.34,83.36456121
54,9.7,62,1.36,0.6,0.42,146.0613724
55,9.7,68,1.09,0.64,0.33,212.0326443
52,9.5,26,1.5,0.6,0.38,3.114136562
50,9.5,39,2.44,0.56,0.6,21.77461737
46,9.4,38,3.34,0.6,0.45,19.77527716
47,9.8,14,1.05,0.66,0.2,-0.669479204
51,9.8,11,1.22,0.71,0.13,-1.192011428
51,10,15,1.6,0.71,0.17,-0.841723284
52,10.1,19,2.03,0.7,0.2,-0.136884261
50,12.7,43,5.06,0.61,0.63,32.72433485
59,12.5,26,1.96,0.6,0.48,2.430714822
57,12.4,29,2.5,0.61,0.46,5.122073807
33,9.1,11,2.1,0.59,0.44,-0.229135458
35,9.1,10,1.54,0.61,0.38,-0.341502581
54,9.5,35,1.55,0.65,0.19,13.38015115
52,9.7,29,1,0.64,0.21,5.632002469
50,9.6,21,0.58,0.64,0.2,0.675828814
48,9.5,18,0.45,0.61,0.25,-0.072551557
47,10.3,39,4.49,0.62,0.39,21.96825069
46.2,10.3,41,3.97,0.62,0.39,27.14914716
51,10.3,38,4.33,0.59,0.47,19.38560948
50,10.2,45,6.4,0.7,0.19,39.58173839
49,9.7,42,2.89,0.61,0.43,29.8286565
38,9.5,25,1.73,0.72,0.12,3.333303673
40,10,70,1.35,0.57,0.78,239.2977559
43,10.05,51,0.18,0.55,0.71,66.76696651
43,10.1,53,0.13,0.59,0.49,78.04026104
42,10,29,0.67,0.64,0.29,6.301180806
48,9.6,79,1.42,0.6,0.4,388.2536982
48,9.7,46,0.87,0.64,0.24,43.61654679
48,9.7,41,0.28,0.59,0.45,27.09552175
49,9.7,38,0.34,0.6,0.42,19.62304814
50,9.7,50,0.76,0.54,0.51,61.16424175
54,9.9,53,0.99,0.6,0.38,77.23725693
52,9.5,26,1.5,0.6,0.38,3.114136562
48,9.3,22,0,0.34,2.64,1.148571931
52,9.2,19,0,0.36,2.1,-0.171517884
52,9.3,24,1.6,0.41,1.47,1.821816162
59,10.05,38,0.73,0.37,2.71,18.55537474
60,10.1,67,3,0.41,2.06,198.8877707
46,9.5,39,5.03,0.59,0.5,22.02056226
47,9.5,47,3.06,0.57,0.57,47.62283297
43,9.4,40,2.66,0.59,0.52,24.7096027
39,9.8,32,2.72,0.67,0.28,9.835697204
52,10.2,19,2.1,0.72,0.16,-0.13521758
53,10.3,15,1.51,0.69,0.19,-1.005247684
53,10.3,23,1.98,0.69,0.2,1.268189584
54,10.2,20,2.1,0.72,0.16,-0.010000617
57,12.4,29,2.5,0.61,0.46,5.122073807
35,9.1,10,1.54,0.61,0.38,-0.341502581
29,9.2,23,0.93,0.59,0.27,2.538555555
36,9.4,22,1.86,0.62,0.26,1.849282019
37,9.3,16,1.53,0.62,0.22,0.132274531
49.2,10.3,36,7.8,0.68,0.21,15.44101326
48,10.3,38,6.86,0.69,0.18,19.59699113
48,10.4,39,4.13,0.57,0.46,21.90015587
48.3,10.3,37,5.88,0.71,0.17,17.48753587
49,9.7,42,2.89,0.61,0.43,29.8286565
40,9.6,52,1,0.59,0.41,72.40707992
37,9.6,14,0.73,0.7,0.13,-0.130669593
41,10.1,40,0.97,0.62,0.37,24.85690644
42,10.05,50,0.77,0.57,0.64,61.66599502
45,10.05,44,0.64,0.59,0.49,36.49953833
45,10.05,49,0.81,0.58,0.61,56.64053144
50,9.7,43,0.64,0.56,0.54,32.86121326
51,9.7,37,0.52,0.62,0.35,17.36558827
52,9.8,28,1.01,0.61,0.36,4.694460791
54,9.8,30,0.24,0.58,0.48,6.477299843
57,9.9,66,1.83,0.66,0.25,187.7651482
54,9.9,65,0.95,0.56,0.44,176.8126673
54,9.9,66,1.1,0.58,0.37,188.057818
57,10,56,1.21,0.62,0.3,96.39505328
60,10.1,67,3.01,0.41,2.06,198.8873687
45,9.9,34,3.9,0.64,0.36,12.35756305
46,9.8,38,3.4,0.63,0.4,19.7754231
47,9.85,30,2.82,0.68,0.25,6.998412841
47,9.8,33,3.4,0.63,0.4,10.72996621
54,10.3,19,1.98,0.68,0.21,-0.306822364
54,10.5,15,1.6,0.71,0.17,-1.091604666
56,10.6,24,1.94,0.68,0.22,1.514228189
57,10.6,31,2.52,0.7,0.19,7.313852851
57,12.4,29,2.5,0.61,0.46,5.122073807
35,9.1,10,1.54,0.61,0.38,-0.341502581
43,9.4,17,1.33,0.61,0.28,0.018696559
44,9.5,17,1.59,0.55,0.4,-0.044136003
48,9.7,20,1.82,0.59,0.37,0.456300364
48,9.7,22,1.23,0.57,0.5,1.194485123
45,9.8,27,0.49,0.72,0.06,4.392064975
46,9.9,15,0.6,0.84,0.03,-0.472973099
45,10,12,0.83,0.74,0.09,-0.711963959
47,10.1,22,1.51,0.69,0.19,1.27503698
41.8,10.3,27,7.8,0.68,0.21,4.479446234
48,10.4,41,5.53,0.61,0.42,26.99044843
48.2,10.5,35,4.12,0.62,0.36,13.77742991
48.3,10.4,33,5.84,0.71,0.18,10.61816701
37,9.6,14,0.73,0.7,0.13,-0.130669593
43,10.1,35,1.48,0.62,0.37,14.15405831
43,10.1,48,0.82,0.6,0.49,52.2109057
42,10.1,53,1.24,0.59,0.55,78.06340362
49,9.5,35,0.98,0.56,0.44,13.77283114
56,9.1,30,1,0.68,0.16,6.310415103
53,9.1,28,0.92,0.65,0.21,4.625714955
41,8.9,6,0.06,0.62,0.19,-0.678967145
53,9.8,30,0.07,0.55,0.54,6.563867063
54,9.8,46,0.4,0.56,0.61,43.10686055
56,10,67,2.59,0.61,0.36,199.5755004
57,9.9,47,1.19,0.54,0.55,46.83425821
46,8.5,6,0,0.47,0.72,-0.968310329
50,8.5,7,0.11,0.43,0.92,-1.238110621
45,8.5,7,0.16,0.43,0.9,-0.898073177
43,8.5,6,0.04,0.47,0.69,-0.789297763
63,10.2,46,0.05,0.44,1.85,42.03210872
51,10.1,40,2.19,0.57,0.6,24.15838226
54,10.2,34,2.16,0.6,0.41,11.7030178
57,10.1,31,3.21,0.63,0.31,7.291723428
45,9.9,34,3.41,0.64,0.39,12.36215372
49,9.9,39,2.02,0.61,0.45,21.86741175
49,10.1,44,2.22,0.6,0.49,36.19261545
45,9.7,25,1.74,0.65,0.28,2.955580744
56,10.7,29,2.62,0.71,0.17,5.253138513
56,10.7,27,2.48,0.7,0.2,3.498115939
59,10.75,34,2.72,0.67,0.28,11.21457061
54,10.75,27,2.35,0.67,0.25,3.679270544
41,11.6,9,1.33,0.77,0.1,-0.631797383
45,11.6,12,1.4,0.66,0.29,-0.723418346
52,11.6,49,2.83,0.63,0.43,56.08978266
50,11.5,57,2.93,0.63,0.39,104.1460041
34,9,13,1.03,0.57,0.47,-0.122616153
52,9.7,34,2.2,0.54,0.71,11.85266916
53,9.8,33,1.52,0.54,0.61,10.2874272
43,9.8,33,1.5,0.6,0.38,11.01117043
43,9.9,34,1.62,0.62,0.33,12.51501154
47,10.2,22,1.43,0.67,0.23,1.273305549
51,10.5,30,2.26,0.65,0.28,6.70969165
54,10.7,88,3.4,0.61,0.43,597.8258091
53,10.6,98,6.37,0.65,0.29,920.4447697
50.9,10.3,39,7.65,0.73,0.17,21.63846413
54.7,10.4,24,4.14,0.67,0.26,1.602969882
48.1,10.2,20,3.25,0.62,0.3,0.437655582
32,9,55,5.97,0.66,0.23,91.04946529
34,9.3,5,0.66,0.67,0.15,-0.389492909
40,9.6,29,0.4,0.67,0.22,6.411768336
43,10.1,58,1.21,0.6,0.55,112.2566201
47,10.1,58,0.59,0.56,0.71,112.0012166
46,10.2,58,0.68,0.57,0.68,112.0680166
45,10,39,0.97,0.62,0.37,22.16589882
52,9.1,32,0.36,0.68,0.21,9.052077794
52,9.1,45,1.79,0.59,0.38,39.51056254
53,9.2,41,1.63,0.62,0.34,26.69129628
62,9.1,38,1.47,0.6,0.39,18.38329865
47,8.9,9,0.31,0.52,0.53,-0.984282665
45,8.8,9,0.55,0.58,0.39,-0.855910019
45,8.9,14,1.16,0.61,0.33,-0.54566782
48,8.8,13,1.02,0.59,0.38,-0.838967056
55,9.8,29,1.11,0.62,0.34,5.358425094
56,9.9,26,0.38,0.59,0.42,2.772372134
57,9.9,35,0.69,0.58,0.51,13.08216115
57,10,35,1.26,0.58,0.48,13.07366938
56,9.8,36,1.72,0.53,0.55,14.94776188
59,9.8,35,1.23,0.5,0.77,12.84918547
60,9.8,30,1.6,0.52,0.59,5.857110166
42,8.6,7,0.44,0.46,0.73,-0.726625294
43,8.6,7,0.21,0.44,0.86,-0.781454985
45,8.6,7,1.2,0.49,0.59,-0.898827139
45,8.6,7,0.15,0.42,1.03,-0.899394561
51,10.1,34,2.11,0.57,0.54,11.94638684
53,10.2,25,1.94,0.61,0.4,2.358822443
51,10.1,24,1.9,0.57,0.61,1.925044451
45,9.6,39,2.3,0.64,0.35,22.14507591
47,10,45,2.15,0.62,0.41,39.8688087
50,10.1,50,2.41,0.62,0.41,61.12558926
47,9.8,57,3.95,0.63,0.42,104.3465158
54,10.75,27,2.35,0.67,0.25,3.679270544
50,11.5,70,3.54,0.64,0.36,238.6333894
49,11.6,73,2.87,0.63,0.42,282.5934988
50,11.5,58,2.09,0.63,0.34,111.7829379
51,11.5,75,2.76,0.64,0.29,314.8925495
34,9,14,1.52,0.59,0.47,-0.02797049
36,9,13,1.21,0.67,0.25,-0.193654175
37,9,23,1.34,0.58,0.53,2.256959844
36,9,16,1.37,0.57,0.53,0.165274523
43,9.8,34,2.09,0.61,0.43,12.50017777
41,9.9,33,1.62,0.62,0.34,11.11986533
43,10,34,1.74,0.65,0.28,12.51625984
51,10.2,65,1.88,0.65,0.26,177.0602901
50,10.3,74,2.29,0.64,0.28,298.4627543
52,10,52,1.37,0.65,0.26,71.62735334
51,10.1,47,1.42,0.66,0.23,47.39952635
49.3,10.2,29,5.42,0.7,0.16,5.780765541
48,10.3,31,3.89,0.58,0.47,8.029654455
49,10.3,29,3.71,0.57,0.54,5.79858147
52.6,10.3,33,7.92,0.78,0.1,10.25247861
37,10.1,9,1.7,0.63,0.3,-0.45291954
41,10.2,12,2.09,0.63,0.34,-0.502861357
44,10.2,24,3.18,0.57,0.61,2.394922601
47,10.2,22,2.43,0.58,0.51,1.248035881
40,9.6,29,0.4,0.67,0.22,6.411768336
45,10.1,69,1.06,0.6,0.52,225.629233
46,10.2,74,0.27,0.58,0.62,298.7583892
45,10.2,56,0.17,0.59,0.48,97.35666044
44,10.15,53,0.14,0.58,0.51,77.9797193
52,9.2,45,2.05,0.66,0.26,39.51527249
58,9.2,51,1.77,0.6,0.46,65.57344848
61,9.2,52,2.15,0.61,0.4,70.70696855
61,9.2,53,1.98,0.62,0.4,76.49724437
56,10,32,1.11,0.62,0.34,8.671953604
58,10,46,1.2,0.58,0.51,42.71253348
55,10,54,1.88,0.55,0.64,83.2064647
57,10,35,1.27,0.58,0.48,13.07346988
57,9.7,30,1.42,0.49,0.72,6.165303003
30,8.6,5,0.08,0.61,0.16,-0.265121491
35,9,16,1.27,0.6,0.31,0.210139562
47,10.1,27,1.67,0.55,0.71,4.204976643
52,10.25,32,2.86,0.55,0.82,8.955212764
52,10.1,23,2.13,0.58,0.61,1.324152653
51,10.1,21,1.51,0.54,0.78,0.556608357
50,9.8,57,4.32,0.66,0.34,104.1242358
50,10,30,2.2,0.65,0.3,6.78776834
50,9.8,34,2.67,0.65,0.31,12.03441869
50,9.8,43,4.5,0.65,0.3,32.80019145
54,10.75,27,2.35,0.67,0.25,3.679270544
51,11.5,81,2.76,0.64,0.29,428.9385326
52,11.45,56,1.75,0.66,0.29,96.82412331
48,11.6,68,1.73,0.64,0.29,212.5811206
49,11.7,63,1.89,0.67,0.23,156.2391347
35,9,14,1.59,0.59,0.44,-0.063806711
34,9,11,1.62,0.58,0.44,-0.26125652
51,10.1,63,1.71,0.62,0.33,156.0817821
53,10.2,70,2.29,0.64,0.28,238.4584753
53,10,55,1.77,0.62,0.3,89.91168318
52,10.1,67,2.99,0.66,0.21,199.9522
50.1,10.2,54,9.57,0.75,0.13,83.48724058
51,10.3,38,5.04,0.61,0.39,19.37971029
56,10.4,57,9.81,0.64,0.26,103.4354916
44,10.3,30,3.09,0.63,0.42,7.171423245
43,10.3,29,2.46,0.55,0.71,6.196947308
46,10.4,46,2.41,0.56,0.64,43.67137019
40,10.2,78,1.57,0.58,0.54,369.3619345
54,9.3,65,5.45,0.7,0.22,176.6900574
60,9.3,44,1.69,0.6,0.41,35.21596818
58,9.3,41,1.36,0.58,0.44,26.21773378
62,9.3,44,3.67,0.67,0.22,34.96017879
59,9.7,30,0.14,0.46,0.86,5.975849603
60,9.8,26,0.8,0.48,0.78,2.340078164
60,9.9,25,0.02,0.43,1.2,1.669374937
44,9,16,1.15,0.61,0.33,-0.217313096
45,9,18,1.44,0.59,0.42,0.108802967
50,9,22,0.75,0.56,0.57,1.052737377
47,8.8,16,0.6,0.39,2.05,-0.440219446
47,8.8,15,0.17,0.37,2.47,-0.589796502
47,9,15,0,0.37,2.48,-0.590119205
47,9,15,0,0.37,2.6,-0.592932389
50,10.1,19,1.62,0.54,0.75,-0.000999304
51,10.15,19,1.16,0.55,0.71,-0.072908309
54,10.75,27,2.35,0.67,0.25,3.679270544
49,11.6,64,1.93,0.67,0.22,166.4815404
50,11.6,73,2.15,0.63,0.32,282.5686
51,11.6,76,2.5,0.68,0.21,332.1341599
49,11.7,77,2.35,0.66,0.26,350.189522
36,9,12,1.75,0.6,0.38,-0.275604898
36,9,14,1.09,0.57,0.54,-0.101828308
39,9,14,1.26,0.58,0.48,-0.229565776
38,9.1,13,1.68,0.61,0.39,-0.282082952
52,10.1,66,3.05,0.68,0.2,188.1894743
54,10.2,57,2.44,0.66,0.23,103.8626225
55,10.2,49,3.78,0.71,0.13,55.85702426
53,10.1,54,3.87,0.73,0.11,83.40782496
44,10.5,49,3.32,0.59,0.54,56.65249887
49,10.4,50,2.38,0.54,0.75,61.16204766
47,10.2,32,2.25,0.56,0.6,9.362178633
46,10.4,35,2.37,0.58,0.53,13.94329326
40,10.2,78,1.57,0.58,0.54,369.3619345
62,9.3,45,2.7,0.66,0.23,38.50826532
54,9.3,44,1.94,0.57,0.44,35.80482955
58,9.3,41,1.5,0.57,0.41,26.21915744
63,9.3,42,2.56,0.65,0.27,28.50558087
61,9.8,25,0,0.45,0.93,1.573936003
59,9.7,21,0,0.47,0.79,-0.153568161
50,9.1,29,0,0.5,0.94,5.760835958
52,9.1,32,0,0.51,0.93,9.007902413
47,8.9,15,0,0.38,2.2,-0.584360495
54,10,14,0,0.53,0.78,-1.221692118
51,10.2,15,0,0.5,1.06,-0.861562153
50,10.1,18,2.45,0.58,0.58,-0.25283544
54,10.55,36,2.21,0.7,0.15,15.15703234
51,10.6,70,3.08,0.65,0.21,238.611893
50,10.4,62,2.71,0.7,0.15,146.3955072
50,11.6,68,2.49,0.68,0.21,212.4227948
50,11.7,48,1.88,0.66,0.24,51.74457856
51,11.6,38,2.06,0.69,0.18,19.45701889
50,11.7,47,3.07,0.63,0.38,47.40886899
39,9.1,12,1.47,0.58,0.41,-0.402816043
42,9.1,14,1.04,0.56,0.58,-0.380185592
42,9.1,14,1.84,0.59,0.45,-0.381722128
52,9.1,14,1.77,0.58,0.48,-1.053224365
56,10.4,57,9.81,0.64,0.26,103.4354916
50,10.4,43,1.81,0.55,0.68,32.81550699
51,10.4,39,2.18,0.57,0.6,21.69383001
48,10.4,42,2.55,0.57,0.58,29.89035086
45,10.4,40,1.97,0.56,0.61,24.58937746
40,10.2,78,1.57,0.58,0.54,369.3619345
60,9.7,25,0.38,0.5,0.69,1.690385653
63,9.8,28,0.8,0.55,0.47,3.587315418
44,9.1,16,1.42,0.64,0.22,-0.215485272
47,9.2,18,1.48,0.66,0.21,-0.011766816
50,9.2,28,0.41,0.53,0.66,4.845797523
51,9.3,34,1.58,0.55,0.58,11.95803939
53,8.6,12,0,0.36,1.97,-1.320139472
50,8.6,13,0,0.36,2.04,-1.005379862
50,8.8,14,0,0.36,2.26,-0.915886224
51,8.7,14,0,0.33,2.88,-1.001304302
51,10.2,18,2.02,0.5,1.13,-0.348140623
52,10.25,16,1.98,0.55,0.78,-0.803735251
52,10.2,15,1.49,0.53,0.89,-0.948932757
50,10.3,19,2.74,0.52,1.01,-0.024157105
50,10.4,61,2.21,0.69,0.15,137.108184
53,10.4,42,0,0.28,2.69,29.4538995
53,10.4,60,2.66,0.72,0.15,127.9909335
58,10.4,58,2.49,0.69,0.2,111.0818091
50,11.65,55,2.86,0.65,0.27,90.12139347
49,11.7,46,2.74,0.63,0.31,43.48482813
42,9.1,21,1.74,0.57,0.5,1.165733863
46,9.1,18,1.47,0.56,0.5,0.043155889
38,9.2,21,2.05,0.58,0.55,1.356339988
56,10.4,57,9.81,0.64,0.26,103.4354916
44,10.5,50,2.7,0.59,0.51,61.51928298
46,10.4,39,2.32,0.56,0.57,22.05990679
46,10.4,41,2.06,0.56,0.58,27.18172406
44,10.5,40,2.11,0.57,0.54,24.65417428
40,9.4,39,0.42,0.75,0.08,22.47906287
40,10.2,78,1.64,0.58,0.53,369.3615957
59,9.5,37,2.35,0.65,0.25,16.60283371
61,9.5,44,3.42,0.67,0.23,35.08007807
67,9.6,38,2.05,0.59,0.38,17.73675974
65,9.6,33,4.19,0.95,0.03,9.017210778
63,9.8,28,0.8,0.55,0.47,3.587315418
52,9.3,28,0.05,0.54,0.54,4.700293687
52,9.3,30,1.19,0.6,0.32,6.647517718
52,9.4,31,0.96,0.58,0.41,7.777643138
55,9.4,34,2.1,0.72,0.15,11.64136398
50,8.8,15,0.03,0.35,2.64,-0.804877741
53,8.8,15,0.33,0.37,2.27,-1.043829062
52,8.8,15,0,0.35,2.84,-0.967970741
51,8.9,17,0,0.35,2.85,-0.568181368
20,10.2,16,2.47,0.53,1.02,0.549865539
51,10.3,25,3.22,0.51,1.14,2.462392184
53,10.4,75,3.04,0.67,0.21,314.7384879
57,10.4,66,3.04,0.66,0.2,187.7294329
56,10.4,73,3.46,0.68,0.21,282.0241069
54,10.4,65,3.05,0.68,0.2,176.7749223
32,11.5,20,0.63,0.66,0.3,1.253736718
40,9.2,18,1.53,0.57,0.58,0.37687487
44,9.2,16,1.78,0.58,0.48,-0.227017655
46,9.2,17,1.88,0.59,0.45,-0.171929021
44,9.2,15,1.77,0.58,0.48,-0.374151492
56,10.4,57,9.81,0.64,0.26,103.4354916
45,10.5,45,2.28,0.58,0.48,39.98966378
46,10.4,42,1.9,0.54,0.65,30.03640232
48,10.4,42,2.5,0.56,0.61,29.88905375
43,9.5,48,0.05,0.7,0.15,52.26747789
41,9.6,34,0.11,0.71,0.14,12.65932223
42,9.6,15,0.26,0.71,0.11,-0.240985795
66,9.6,38,5.42,0.82,0.06,17.82862163
65,9.6,39,2.52,0.6,0.38,20.26881303
68,9.6,39,3.15,0.62,0.33,19.8544812
66,9.7,38,5.92,0.72,0.16,17.79991024
53,9.5,35,1.27,0.6,0.31,13.46116054
54,9.4,19,0.73,0.58,0.34,-0.297920676
54,9.4,23,0.44,0.5,0.69,1.178059258
55,9.6,34,1.38,0.55,0.47,11.62742239
51,10.3,25,3.22,0.51,1.14,2.462392184
54,10.45,63,3.6,0.68,0.19,155.7865783
56,10.4,65,3.18,0.69,0.17,176.5899435
60,10.4,68,4.75,0.71,0.15,211.4147792
58,10.4,67,4.46,0.63,0.26,199.3205917
31,11.1,18,0.73,0.68,0.23,0.738105403
35,11.1,22,0.11,0.48,1.12,1.867073747
40,11.1,21,1.26,0.45,1.35,1.237649948
40,9.1,15,1.9,0.62,0.41,-0.159007104
46,9.1,13,1.78,0.58,0.48,-0.713519693
47,9.2,21,1.88,0.59,0.45,0.863939649
47,9.1,19,1.77,0.58,0.48,0.226574959
56,10.4,57,9.81,0.64,0.26,103.4354916
48,10.4,42,2.5,0.56,0.61,29.88905375
47,9.65,13,0.26,0.69,0.12,-0.759084186
48,9.7,31,0.12,0.68,0.15,8.112790568
48,9.7,34,0.16,0.68,0.14,12.23976604
49,9.7,38,1.23,0.7,0.13,19.63553867
33,8.9,50,2.59,0.76,0.11,62.08562324
39,9,54,11.59,0.81,0.06,84.18407384
37,9.1,26,1.08,0.88,0.03,4.050526416
43,9.15,40,2.16,0.65,0.17,24.75039646
63,9.6,39,6.34,0.75,0.12,20.45694399
68,9.6,42,5.05,0.67,0.22,27.78801126
68,9.7,44,5.09,0.65,0.22,34.14285788
66,9.7,45,6.58,0.76,0.11,37.91178525
59,9.6,36,0.8,0.55,0.51,14.66820935
56,9.6,35,1.38,0.55,0.47,13.17442695
50,8.8,15,0.01,0.36,2.53,-0.80385771
49,8.5,11,0.01,0.37,1.94,-1.062958963
51,10.3,25,0.01,0.42,2.28,2.453954182
43,10.8,17,0.33,0.45,1.31,-0.008748665
45,10.9,17,0.51,0.45,1.14,-0.122662273
44,10.8,14,0,0.46,1.1,-0.501288726
48,9.2,21,1.9,0.62,0.41,0.796186979
51,9.2,17,1.78,0.58,0.48,-0.528913941
50,9.3,21,1.88,0.59,0.45,0.649167902
44,9.5,26,1.77,0.58,0.48,3.66744048
43,9.8,44,1.1,0.67,0.18,36.6427273
42,9.7,29,0.02,0.63,0.2,6.316811234
47,9.7,44,1.1,0.65,0.19,36.39521921
41,9.2,34,1.78,0.7,0.12,12.63857002
42,9.3,38,1.62,0.67,0.18,20.06673425
42,9.3,40,1.16,0.65,0.22,24.81730182
44,9.5,50,1.59,0.71,0.16,61.58944659
66,9.7,42,5.73,0.71,0.15,28.05453678
72,9.6,44,5.65,0.64,0.27,33.5169502
72,9.6,44,5.19,0.64,0.25,33.53541461
70,9.7,38,5.76,0.72,0.14,17.24214343
58,9.6,39,1.23,0.55,0.54,21.09100126
56,9.6,30,0.77,0.54,0.68,6.271716776
58,9.6,31,0.1,0.51,0.8,7.211906759
51,9.8,29,1.37,0.59,0.45,5.687580903
63,10.6,69,6.96,0.74,0.09,223.8375056
64,10.7,72,7.77,0.78,0.07,265.7321605
50,10.7,11,0,0.48,0.93,-1.12981313
53,10.7,10,0,0.52,0.62,-1.407019187
50,10.75,17,0,0.52,0.83,-0.454181433
48,10.7,19,0,0.54,0.79,0.155705853
42,9.2,18,1.95,0.62,0.38,0.277772308
42,9.3,19,2.11,0.59,0.52,0.522751162
43,9.4,20,2.01,0.58,0.57,0.760948716
44,9.4,19,2.37,0.62,0.42,0.411117088
48.9,9.7,11,1.68,0.8,0.09,-1.035681396
53,9.7,19,2.5,0.5,0.77,-0.248304383
48,9.8,36,7.07,0.55,0.53,15.51873469
48.2,9.4,18,3.44,0.57,0.44,-0.12031799
47,9.7,42,1.24,0.68,0.14,30.03603147
44,9.7,36,0.17,0.67,0.14,15.92722277
44,9.7,39,0.07,0.64,0.18,22.26220363
46,9.75,36,0.81,0.71,0.1,15.79792786
44,9.5,53,1.89,0.67,0.24,77.97328549
44,9.6,45,1.12,0.67,0.22,40.10422901
43,9.6,40,0.81,0.65,0.26,24.76310778
44,9.5,30,0.91,0.65,0.23,7.217413742
70,9.6,31,5.5,0.78,0.08,5.672863935
73,9.6,40,5.55,0.65,0.22,21.50769681
72,9.6,44,5.44,0.68,0.17,33.54099325
48,9.8,28,0.86,0.59,0.45,4.994137368
65,10.8,71,8.37,0.86,0.04,250.9671379
49,10.8,18,0,0.59,0.61,-0.16097448
50,10.9,18,0,0.6,0.56,-0.233165754
48,10.9,19,0,0.61,0.56,0.163368617
43,9.35,19,1.73,0.61,0.47,0.472130992
44,9.4,18,2.06,0.6,0.45,0.161528442
44,9.4,17,2,0.59,0.48,-0.051476453
43,9.5,14,2.21,0.66,0.29,-0.435143435
52.8,9.4,19,3.76,0.61,0.39,-0.228902482
54,9.6,20,2.96,0.56,0.53,-0.037352282
51,9.4,15,0.81,0.57,0.47,-0.845696608
55,9.5,19,1.22,0.58,0.48,-0.400901368
43,10.1,55,5.01,0.6,0.41,90.53395678
49,9.7,44,1.78,0.71,0.12,36.24828161
43,9.75,36,0.17,0.67,0.14,15.98430896
46,9.75,36,0.63,0.65,0.17,15.79453548
44,9.45,31,1.27,0.64,0.28,8.342964539
34,8.8,6,0.71,0.7,0.12,-0.383030657
75,9.7,44,6.88,0.73,0.12,33.00713566
78,9.6,45,5.4,0.58,0.39,35.99499071
52,9.7,26,1.15,0.61,0.33,3.121751394
53,9.7,30,0.75,0.58,0.48,6.556393716
52,9.7,27,0.63,0.55,0.54,3.85906527
53,9.8,28,0.28,0.58,0.48,4.613173158
64,10.8,68,7.67,0.88,0.03,210.8461108
71,10.7,72,7.96,0.79,0.09,264.7136488
66,10.7,63,7.41,0.75,0.1,154.3131799
74,10.8,65,8.49,0.78,0.09,174.0091782
48,10.9,21,0,0.61,0.54,0.802733223
49,10.8,12,0,0.56,0.67,-0.99291673
46,9.5,17,1.95,0.62,0.38,-0.170880258
44,9.5,18,1.85,0.6,0.45,0.162978072
45,9.6,18,2.4,0.62,0.41,0.099326895
48,9.5,29,2.28,0.63,0.43,5.899353327
52.4,9.6,17,1.52,0.59,0.47,-0.640796303
51.8,9.6,18,2.26,0.61,0.38,-0.381957663
52,9.7,23,1.07,0.53,0.68,1.337756616
53.4,9.7,25,5.51,0.65,0.29,2.285565777
44,9.45,31,1.27,0.64,0.28,8.342964539
35,9,9,0.59,0.66,0.31,-0.370781748
35,9,8,0.58,0.67,0.3,-0.39446246
36,9.2,7,0.95,0.7,0.2,-0.448178561
54,9.8,29,1.51,0.61,0.39,5.438035832
54,9.9,38,0.89,0.54,0.83,19.16745018
51,10,35,1.06,0.58,0.54,13.60494346
71,10.6,43,6.02,0.82,0.06,30.4091889
47,9.7,28,2.23,0.62,0.46,5.042603598
59,9.25,13,0.07,0.54,0.58,-1.790909145
55,9.7,23,1.79,0.57,0.57,1.072180559
54,9.7,21,0.52,0.62,0.35,0.340423767
57,9.8,26,0.73,0.59,0.54,2.660769718
56,9.8,28,1.65,0.58,0.6,4.311086376
41,9.2,9,0.59,0.66,0.31,-0.63270529
48,9.7,33,7.32,0.75,0.13,10.6223676
72,9.7,39,3.42,0.55,0.48,19.23401424
78,9.7,44,6.17,0.65,0.26,32.46744006
75,9.6,37,6.75,0.78,0.07,14.32100441
51,10,35,1.06,0.58,0.54,13.60494346
39,9.5,19,0.91,0.61,0.4,0.686122855
47,9.4,17,1.14,0.64,0.31,-0.227012055
44,9.8,9,1.41,0.73,0.08,-0.794076337
45,9.8,17,1.82,0.63,0.27,-0.10269972
47,9.9,20,1.63,0.62,0.34,0.526850905
52,9.7,33,3.8,0.73,0.11,10.37456162
53,9.8,61,7.64,0.82,0.05,136.7096489
50,9.8,49,6.98,0.77,0.09,56.21036515
52,9.8,36,5.36,0.76,0.1,15.27580306
41,9.2,9,0.58,0.66,0.31,-0.63266839
67,9.5,33,6.27,0.67,0.22,8.68200232
70,9.2,29,2.31,0.57,0.47,3.545908041
71,9.1,26,0.96,0.55,0.62,0.915675702
68,9.1,22,0.78,0.6,0.45,-0.850161728
51,10,35,1.06,0.58,0.54,13.60494346
43,9.5,26,1.07,0.63,0.34,3.739996575
46,9.6,43,1.34,0.64,0.33,33.14805966
44,9.6,39,1.34,0.7,0.23,22.23306688
52,9.5,34,1.14,0.64,0.31,11.90381931
48,10,29,2.07,0.64,0.34,5.907806366
46,10,29,2.46,0.62,0.38,6.035227204
46,10,31,2.3,0.61,0.44,8.190804155
46,10,35,2.25,0.61,0.47,13.95053413
42,12.1,45,10.17,0.79,0.05,40.06412545
49,12,43,8.47,0.69,0.11,32.81387409
67,9.1,25,0.91,0.61,0.4,0.846207159
69,9,26,0.91,0.56,0.61,1.213220057
51,10,35,1.06,0.58,0.54,13.60494346
47,9.6,39,1.07,0.63,0.34,22.03889413
43,9.7,29,1.07,0.63,0.34,6.238507467
48,10,29,2.07,0.64,0.34,5.907806366
49,10,40,2.46,0.62,0.38,24.32913904
48,10,45,2.3,0.61,0.44,39.7927016
46,10,58,2.25,0.61,0.47,112.0551063
52,12,49,13.34,0.55,0.33,55.84655264
50,11.9,45,9.34,0.61,0.25,39.50528543
50,12,41,2.67,0.71,0.15,26.92668698
64,9,26,1.54,0.62,0.35,1.890215094
68,9,20,1.09,0.57,0.54,-1.59679162
51,10,35,1.06,0.58,0.54,13.60494346
43,9.7,31,1.47,0.69,0.23,8.400038661
42,9.7,27,1.68,0.76,0.12,4.544453293
43,9.7,15,1.05,0.68,0.19,-0.30366482
44,9.6,19,1.04,0.6,0.45,0.421031622
48,9.9,51,2.5,0.62,0.37,66.42931625
50,10,55,2.93,0.6,0.42,90.10639942
48,10,44,2.48,0.61,0.39,36.27244087
48,9.9,39,1.3,0.57,0.47,21.95453055
51,12,32,1.51,0.68,0.2,9.107987426
52,12,35,2.73,0.67,0.29,13.50807085
52,12,33,2.19,0.64,0.32,10.37340069
53,12.1,34,2.51,0.63,0.38,11.77718852
52,9.8,27,4.25,0.7,0.15,3.834221449
54,9.9,23,2.25,0.7,0.13,1.18464315
52,9.95,26,3.14,0.67,0.18,3.105014255
37,9.2,8,1.63,0.72,0.15,-0.473327855
40,9.2,14,2.43,0.7,0.2,-0.276649601
39,9.3,16,0.28,0.59,0.62,0.039227999
41,9.2,18,0.6,0.61,0.49,0.33585454
45,9,8,0.47,0.66,0.2,-0.876248172
50,9,12,0.9,0.63,0.33,-1.059248881
51,9,15,0.64,0.62,0.36,-0.840504148
44,9.6,21,0.82,0.59,0.44,1.062389848
48,9.8,42,2.01,0.6,0.38,29.92549446
56,12,35,2.51,0.63,0.38,13.14461486
48,12.1,38,2.15,0.62,0.41,19.65015089
47,12.1,35,2.5,0.63,0.38,13.8792716
43,9.2,13,2.02,0.71,0.19,-0.527678831
41,9.4,13,2.02,0.65,0.35,-0.42574458
51,9.2,34,0.74,0.57,0.65,11.96494676
51,9.2,21,1.34,0.6,0.45,0.577369022
52,9.3,20,1.31,0.59,0.47,0.153500618
42,9.5,16,1.27,0.64,0.28,-0.105478578
43,10.2,15,1.18,0.64,0.29,-0.308623767
50,10.6,22,1.17,0.62,0.4,1.050798572
48,9.8,81,4.39,0.66,0.25,429.1277528
47,9.8,37,2.09,0.59,0.38,17.62884754
46,9.8,38,2.66,0.6,0.35,19.79554916
47,9.9,40,2.76,0.64,0.29,24.47535543
47,12.1,34,2.52,0.64,0.36,12.24033752
50,12.1,38,5.62,0.68,0.26,19.45395362
52,9.5,24,2.01,0.64,0.36,1.85929979
49,11.2,27,1.34,0.64,0.33,4.088919609
48,12,79,3.03,0.63,0.68,388.0851037
69,9.9,53,6.06,0.75,0.11,75.36824305
50,9.8,40,3.39,0.62,0.26,24.25061968
53,12.1,48,4.95,0.69,0.23,51.42062797
52,12.1,45,3.77,0.52,0.73,39.40451761
51,12,38,2.25,0.48,0.99,19.37078926
53,9.45,57,4.41,0.72,0.21,103.894861
55,9.5,70,2.07,0.65,0.33,238.2781208
53,9.65,33,1.79,0.61,0.44,10.29385781
51,9.6,47,4.68,0.74,0.15,47.3325864
42,9.1,12,2.55,0.73,0.17,-0.552054502
41,9.2,13,2.48,0.71,0.19,-0.42342275
40,9.2,13,2.21,0.67,0.28,-0.374840875
46,9.2,14,2.17,0.67,0.29,-0.614670161
52,9.5,21,1.49,0.63,0.38,0.497645595
53,9.5,34,2.32,0.61,0.45,11.78581718
54,9.6,43,1.58,0.56,0.74,32.4843469
52,12.6,90,3.59,0.66,0.66,654.269097
51,12.6,92,3.38,0.62,0.79,714.6183554
52,12.7,90,3.42,0.61,0.81,654.2402526
52,12.4,57,2.62,0.64,0.47,103.9657546
49,9.8,53,4.42,0.64,0.25,77.57282625
49,9.9,52,5.94,0.7,0.16,71.76007598
47,10,55,7.52,0.71,0.16,90.24427196
47,10,53,6.62,0.68,0.2,77.66781035
52,12,24,4.82,0.63,0.3,1.823243448
53,12,26,2.8,0.64,0.28,3.012793918
52,12,25,2.36,0.58,0.47,2.426996456
52,12,27,2.82,0.57,0.5,3.820753998
45,9.2,15,2.77,0.69,0.26,-0.434823299
47,9.3,15,2.63,0.65,0.33,-0.564566404
47,9.3,17,3.01,0.59,0.58,-0.252466646
45,9.25,31,3.08,0.63,0.57,8.234688858
52,12.2,63,3.03,0.63,0.58,155.8782706
55,12.8,62,2.29,0.67,0.45,145.8899595
49,10,44,5.55,0.66,0.21,36.15494245
50,10,54,5.58,0.61,0.32,83.57721468
50,9.9,34,3.76,0.72,0.14,12.0324834
47,10,50,7.08,0.67,0.2,61.26391205
50,11.9,29,4.44,0.64,0.32,5.723115057
53,12,36,3.41,0.59,0.44,15.18291962
54,12,33,2.93,0.58,0.44,10.1778154
53,12,39,5.61,0.65,0.27,21.48617018
54,9.6,54,2.68,0.66,0.3,83.32236163
55,12.3,37,0.69,0.62,0.54,16.98005665
51,10,45,5.92,0.64,0.26,39.50570277
54,10.05,45,4.28,0.63,0.31,39.27992945
52,12,38,6.64,0.71,0.17,19.2854659
54,12,37,3.55,0.59,0.4,17.03948525
54,12.1,38,3.16,0.54,0.58,19.13414918
53,12.1,39,6.06,0.66,0.23,21.48243067
55,9.65,54,2.21,0.68,0.27,83.24856859
57,9.7,37,1.03,0.63,0.35,16.82286935
52,9.7,35,1.44,0.62,0.38,13.53239111
52,9.7,33,0.71,0.61,0.46,10.39426634
56,12.8,58,2.22,0.64,0.66,111.1611371
54,10.05,45,4.27,0.63,0.31,39.28017245
54,12.1,37,7.04,0.69,0.22,16.98962874
53,12.1,48,7.55,0.51,0.78,51.2809134
49,12.9,58,1.83,0.63,0.63,111.7910009
52,12.9,69,0.42,0.56,0.98,224.9961175
52,12.6,65,1.34,0.66,0.43,176.9340478
52,12.1,44,8.41,0.54,0.61,35.79130487
54,12,40,6.33,0.7,0.19,23.85417268
54,11.9,43,7.29,0.59,0.34,32.38868997
51,11.9,29,5.52,0.57,0.44,5.620547393
49,12.65,70,1.16,0.61,0.71,238.695856
52,12.8,63,0.95,0.61,0.82,155.8827233
52,12.8,49,1.87,0.68,0.43,56.09895387
52,12.8,56,1.6,0.64,0.61,96.74682076
53,9.85,26,0.41,0.57,0.6,3.028952599
50,9.6,24,1.26,0.6,0.46,2.020870518
50,9.65,28,1.3,0.6,0.45,4.841908277
50,9.5,18,0.19,0.46,1.07,-0.243986547
52,12.8,43,1.4,0.65,0.57,32.6446322
52,12.7,43,1.78,0.68,0.44,32.65720132
53,12.7,37,1.79,0.7,0.36,17.15500858
51,12.7,39,1.72,0.69,0.4,21.70400426
52,9.6,13,0.82,0.66,0.26,-1.137134132
50,9.55,21,1.07,0.55,0.58,0.651617236
51,9.5,21,0.8,0.51,0.72,0.572405775
51,9.5,22,0.39,0.47,0.94,0.96462448
52,9.5,21,0.3,0.47,1,0.486740621
52,12.6,44,1.94,0.66,0.49,35.93729996
52,12.8,55,2.55,0.69,0.49,89.90351006
51,9.8,18,1.29,0.59,0.54,-0.317224223
48,9.9,19,1.65,0.62,0.48,0.155400837
49,9.95,18,1.76,0.6,0.55,-0.171181613
49,12.8,36,1.72,0.7,0.44,15.51982301
48,12.8,37,1.59,0.69,0.48,17.5322014
45,12.8,41,1.64,0.68,0.48,27.2390597
55,10,11,1.03,0.62,0.36,-1.537053696
48,9.8,16,1.53,0.62,0.37,-0.479554397
52,9.55,29,0.69,0.48,0.99,5.587934474
50,9.5,26,0.7,0.52,0.73,3.263815082
49,9.5,28,1.18,0.56,0.54,4.914493761
53,12.8,37,1.86,0.7,0.41,17.14436116
53,12.8,44,1.76,0.68,0.52,35.84564242
54,12.8,37,1.43,0.68,0.48,17.05496408
53,12.8,35,1.52,0.69,0.44,13.41723451
53,9.8,19,2.54,0.59,0.47,-0.238476967
48,9.65,21,1.42,0.56,0.7,0.786483053
63,9.5,23,1.7,0.56,0.6,0.227086289
58,12.8,38,1.8,0.68,0.51,18.76277449
49,12.8,42,1.85,0.66,0.66,29.78770401
47,12.8,36,1.41,0.7,0.46,15.66437486
52,12.8,36,1.15,0.67,0.56,15.27869475
55,9.5,22,1.3,0.59,0.46,0.631907638
57,9.5,35,4.88,0.51,1.01,12.95938826
53,9.55,36,1.32,0.47,1.39,15.16322615
52,9.55,34,1.43,0.46,1.36,11.82642833
59,9.65,29,5.51,0.56,0.67,4.862829721
54,12.8,41,1.51,0.7,0.43,26.56427446
56,12.8,41,1.39,0.69,0.47,26.37426767
55,12.8,42,1.72,0.72,0.38,29.33261304
54,12.8,43,1.38,0.69,0.48,32.48292929
54,9.4,11,1.05,0.59,0.39,-1.447293949
54,9.4,15,1.09,0.61,0.35,-1.093455666
55,9.4,17,0.9,0.58,0.5,-0.862416496
58,9.65,29,5.73,0.58,0.6,4.968859402
55,9.65,22,0.99,0.52,0.81,0.617689848
59,9.65,25,6.06,0.6,0.46,1.723815706
57,12.8,40,1.38,0.69,0.48,23.61998942
56,12.8,36,1.27,0.72,0.37,14.94568498
57,12.8,36,1.19,0.7,0.4,14.84630168
42,9.4,18,1.48,0.62,0.37,0.281409766
61,9.65,24,2.46,0.55,0.7,0.957580989
60,9.65,25,2.37,0.56,0.64,1.658855635
58,9.7,24,2.66,0.58,0.51,1.289700737
62,9.7,23,2.76,0.59,0.48,0.336626365
56,12.8,40,1.54,0.69,0.49,23.71244568
55,9.4,11,0.5,0.59,0.41,-1.534099829
50,9.5,17,0.99,0.58,0.58,-0.450337998
54,9.4,17,1.06,0.58,0.54,-0.77615867
53,9.5,18,1.39,0.59,0.51,-0.479513296
61,9.7,24,2.32,0.56,0.57,0.968686658
60,9.7,25,2.55,0.57,0.57,1.660757964
61,9.7,24,2.4,0.54,0.75,0.955339586
63,9.7,23,3.53,0.56,0.67,0.194090658
56,12.8,40,1.54,0.69,0.49,23.71244568
56,9.5,23,1.93,0.58,0.58,0.976260998
54,9.4,17,1.6,0.59,0.52,-0.780564261
54,9.45,17,1.6,0.59,0.52,-0.780704929
53,9.3,18,1.43,0.61,0.4,-0.474278521
63,9.8,29,6.19,0.62,0.41,4.413759202
43,13.1,29,1.06,0.69,0.62,6.194692153
55,9.4,16,1.23,0.59,0.45,-1.041151918
56,9.25,15,1.14,0.64,0.31,-1.274884402
54,9.3,9,0.65,0.61,0.33,-1.521269481
56,9.3,15,1.44,0.55,0.61,-1.288184562
66,9.85,36,8.67,0.66,0.25,13.67659986
64,9.85,33,3.74,0.66,0.29,9.118981476
59,9.9,34,5.83,0.67,0.26,11.15804102
43,12.9,31,2.12,0.83,0.2,8.383353013
47,12.9,44,1.59,0.69,0.61,36.2976172
59,9.3,14,1.55,0.57,0.54,-1.706049557
57,9.3,16,1.73,0.61,0.47,-1.236638529
51,9.9,37,4.96,0.66,0.29,17.28576649
64,9.95,34,4.42,0.67,0.29,10.6036905
65,10.05,40,6.15,0.65,0.33,22.63782155
70,10.05,46,6.75,0.58,0.6,41.01462804
61,9.1,8,1.05,0.68,0.19,-2.23970121
55,9.05,8,1.47,0.67,0.2,-1.634583103
48,12.9,44,2.13,0.83,0.2,36.28484551
47,12.9,44,1.62,0.69,0.53,36.31171549
49,12.9,33,1.37,0.7,0.47,10.59198076
39,8.7,9,1.06,0.56,0.4,-0.538121951
50,12.85,41,1.58,0.68,0.57,26.87316482
47,12.9,33,1.87,0.74,0.35,10.74018703
49,12.8,30,1.61,0.77,0.27,6.86074844
51,12.8,31,0.91,0.67,0.58,7.815721086
50,12.9,29,1.93,0.7,0.46,5.734634757
49,12.9,33,1.01,0.68,0.58,10.58416864
53,13,31,0.84,0.69,0.49,7.66046641
58,13,33,1.2,0.69,0.52,9.795890464
53,12.9,29,1.09,0.7,0.53,5.493773595
53,12.9,29,1.09,0.7,0.53,5.493773595
53,12.9,29,1.09,0.7,0.53,5.493773595
53,12.9,29,1.09,0.7,0.53,5.493773595
53,12.9,29,1.09,0.7,0.53,5.493773595
50,12.6,35,1.71,0.63,0.75,13.62219729
55,12.6,42,2.72,0.65,0.71,29.2561108
56,12.6,35,1.52,0.65,0.63,13.11921832
56,12.7,35,1.51,0.69,0.47,13.13980887
55,12.7,41,1.85,0.66,0.66,26.42744726
55,12.7,37,1.43,0.66,0.62,16.94305452
56,12.7,40,1.41,0.63,0.75,23.67789822
55,12.7,37,1.42,0.65,0.64,16.94150155
55,12.7,30,1.4,0.68,0.49,6.343368802
44,12.7,27,1.17,0.69,0.47,4.399780935
54,12.7,29,1.08,0.68,0.51,5.412327512
56,12.7,34,1.26,0.67,0.6,11.48605249
56,12.7,33,1.36,0.68,0.55,9.99018694
59,12.75,25,1.67,0.7,0.45,1.768626294
58,12.8,29,1.32,0.68,0.56,5.017550172
56,12.85,34,1.53,0.69,0.57,11.48189142
50,12.85,31,1.77,0.69,0.56,7.880861868
53,12.8,34,0.96,0.68,0.54,11.77263946
54,12.9,41,1.77,0.69,0.56,26.53347232
58,12.9,46,2,0.7,0.51,42.64725497
57,12.95,43,1.31,0.65,0.78,32.14311231
57,12.95,45,2.1,0.69,0.6,38.9629897
56,12.9,41,2.17,0.71,0.45,26.35703542
56,12.9,38,1.56,0.69,0.55,18.95787329
56,12.95,46,1.9,0.69,0.64,42.8221974
59,12.9,44,1.87,0.69,0.55,35.25158371
53,12.95,44,1.69,0.67,0.86,35.77884352
52,12.7,29,1.6,0.69,0.62,5.560724222
57,12.7,34,2.07,0.71,0.47,11.38922173
57,12.75,38,1.77,0.69,0.56,18.85442935
55,12.8,28,1.21,0.7,0.56,4.386953455
58,12.8,35,1.69,0.69,0.6,12.91330067
57,12.7,42,1.22,0.67,0.73,29.08717898
60,12.8,41,1.41,0.68,0.67,25.91952153
57,12.8,43,2.37,0.69,0.55,32.15897854
58,12.85,45,1.69,0.67,0.72,38.84929191
51,12.85,41,2.64,0.7,0.58,26.76685853
55,12.8,35,1.29,0.72,0.46,13.23610028
57,12.9,28,1.74,0.72,0.47,4.197230173
52,12.8,35,1.56,0.71,0.59,13.47424287
53,12.8,29,1.96,0.72,0.49,5.484549563
58,12.8,35,2.13,0.72,0.44,12.9296123
60,12.85,35,1.87,0.69,0.66,12.68414726
53,12.95,43,2.33,0.69,0.68,32.50772327
59,12.8,45,2.88,0.73,0.48,38.75695884
58,12.8,37,1.62,0.7,0.59,16.64232984
53,12.65,34,1.99,0.69,0.62,11.74126446
53,12.7,40,2.68,0.71,0.57,23.94550216
56,12.6,24,1.49,0.71,0.44,1.488708893
53,12.8,31,2.04,0.7,0.61,7.623175967
50,12.9,39,2.77,0.72,0.48,21.74350197
51,13,52,3.22,0.7,0.63,71.55227209
55,12.8,51,2.78,0.7,0.56,65.76958582
60,12.8,55,2.93,0.7,0.52,89.09585131
60,12.85,53,3.43,0.7,0.51,76.48989928
55,12.8,44,3.82,0.71,0.53,35.60824967
54,12.75,34,2.25,0.66,0.73,11.63468562
54,12.75,34,2.25,0.66,0.73,11.63468562
49,12.2,37,3.43,0.71,0.39,17.44171967
53,12.6,29,4.2,0.73,0.43,5.458732977
53,12.7,32,2.98,0.7,0.5,8.871104769
54,12.6,35,3.62,0.71,0.47,13.28376492
54,12.8,23,0.9,0.7,0.46,1.161441263
54,12.9,31,0.76,0.7,0.56,7.563245655
54,12.8,44,0.9,0.62,1.05,35.68703108
54,12.8,32,1.59,0.68,0.62,8.790446136
54,12.9,36,2.57,0.68,0.64,15.06247617
54,13.25,39,1.44,0.67,0.74,21.39115743
54,13.35,26,1.63,0.73,0.42,2.914806394
54,13.55,25,1.63,0.72,0.45,2.250379267
54,13.6,29,1.76,0.72,0.53,5.389386721
54,13.6,32,1.8,0.72,0.58,8.781931518
49,13.8,24,1.93,0.74,0.42,2.068174761
51,13.75,29,2.11,0.71,0.57,5.632846138
49,13.7,20,1.8,0.7,0.54,0.355169825
47,13.7,24,2.2,0.74,0.4,2.209009677
47,13.65,27,2.27,0.73,0.46,4.189250691
50,13.7,21,2.44,0.75,0.47,0.618528794
49,13.65,23,2.49,0.75,0.45,1.541981914
47,13.6,23,2.2,0.75,0.41,1.691230027
47,13.6,22,1.83,0.75,0.37,1.246420007
49,13.55,33,2.46,0.74,0.53,10.55706033
50,13.45,28,2.65,0.76,0.41,4.800825095
50,13.45,28,2.65,0.76,0.41,4.800825095
52,13.5,28,0.83,0.77,0.25,4.690580681
47,14,21,1.78,0.79,0.25,0.861745423
53,14.1,31,2.83,0.74,0.55,7.605711427
47,14.1,39,2.31,0.73,0.5,21.95955175
47,14.1,37,2.47,0.77,0.38,17.58872002
50,14.1,44,1.45,0.59,1.32,35.95758534
47,14.1,39,2.32,0.74,0.5,21.95807674
47,14.1,37,2.47,0.77,0.38,17.58872002
50,14.1,44,1.45,0.59,1.32,35.95758534
20,11.2,150,22.57,0.93,0.03,5061.733522
28,10.4,54,5.86,0.84,0.04,84.71715258
26,8.8,26,1.54,0.63,0.35,4.370490908
30,8.9,28,1.55,0.6,0.45,5.843378052
33,9.1,24,0.81,0.56,0.57,2.928997914
35,9.6,29,1.44,0.62,0.38,6.606508837
38,9.8,32,1.26,0.57,0.74,9.871494072
40,9.8,29,1.86,0.6,0.51,6.37647713
40,9.7,31,1.42,0.59,0.5,8.5421473
33,9.3,28,2.95,0.58,0.67,5.726574308
37,9.2,28,1.16,0.59,0.34,5.608910553
39,10.1,32,3.47,0.67,0.27,9.826479238
43,10,36,2.06,0.64,0.34,15.93553741
43,9.8,39,2.93,0.6,0.42,22.24881263
43,9.8,43,3.32,0.63,0.34,33.29275973
38,9.6,26,2.53,0.6,0.55,3.964774662
40,9.45,21,1.91,0.62,0.38,1.27008542
34,9.5,21,1.86,0.73,0.15,1.531070544
40,9.4,19,1.56,0.66,0.2,0.641935076
45,9.6,57,1,0.49,0.67,104.5423006
44,9.5,71,5.21,0.58,0.37,253.0385403
37,9.3,28,0.44,0.56,0.44,5.611753817
40,9.8,36,1.64,0.6,0.35,16.1029286
37,9.6,38,2.26,0.61,0.38,20.28178837
39,9.4,37,1.54,0.58,0.4,18.09475001
43,9.4,55,2.29,0.64,0.28,90.61719932
48,9.4,53,5.24,0.73,0.13,77.64289724
44,9.8,45,5.19,0.7,0.21,40.02313685
44,9.8,54,5.29,0.61,0.39,83.99765753
47,9.7,35,2.33,0.59,0.37,13.89487892
43,9.8,45,6.99,0.73,0.15,40.05516767
53,8.7,10,0.7,0.62,0.3,-1.401041194
52,8.6,10,0.74,0.61,0.29,-1.317824599
53,8.6,7,1.29,0.6,0.28,-1.474892438
53,8.7,7,0.26,0.43,0.9,-1.478182277
54,8.7,18,1.97,0.61,0.39,-0.564126323
54,8.7,15,1.56,0.61,0.36,-1.096482951
54,8.8,14,1.68,0.63,0.31,-1.216157524
27.3,9.1,9,0.76,0.71,0.12,-0.141620502
31.2,9.25,11,0.81,0.64,0.26,-0.165351416
56,8.8,22,1.5,0.55,0.61,0.531575453
56,8.8,21,1.84,0.59,0.45,0.139558185
57,8.8,20,2.19,0.62,0.31,-0.296161507
57,8.9,20,1.29,0.57,0.48,-0.294371707
58,9.7,55,2.99,0.56,0.44,89.3835288
59,9.8,51,4.02,0.61,0.39,65.40712824
31.2,9.25,11,0.81,0.64,0.26,-0.165351416
58,8.9,22,1.25,0.56,0.51,0.343080989
58,8.9,24,1.81,0.57,0.47,1.308278446
57,8.9,24,1.87,0.58,0.44,1.409199346
60,9,25,1.87,0.58,0.44,1.683770312
37.2,9.4,8,1.41,0.64,0.25,-0.482486578
58,9,26,2.01,0.6,0.38,2.557404782
52,9,24,1.53,0.59,0.38,1.867422919
59,9,25,0.94,0.49,0.72,1.79179227
58,9,27,2.17,0.61,0.33,3.30095385
57,9.1,24,1.61,0.58,0.37,1.417108947
58,9.1,25,1.92,0.63,0.24,1.907351927
58,9.1,30,2.04,0.61,0.37,6.077666356
58,9.1,35,1.69,0.64,0.29,12.98655293
60,9.1,30,1.37,0.63,0.25,5.88955484
41.5,9.6,10,1.91,0.58,0.44,-0.632803575
60,9.1,29,1.25,0.61,0.29,4.863064907
59,9.1,31,1.39,0.57,0.44,7.11427622
60,9.2,34,1.87,0.58,0.44,11.11733889
62,9.2,31,1.56,0.61,0.36,6.783135608
43.1,9.9,12,2.01,0.58,0.4,-0.615522368
43.2,10,12,1.4,0.58,0.44,-0.619317984
61,9.2,31,1.05,0.52,0.63,6.888581032
60,9.3,28,0.86,0.5,0.73,3.915118033
60,9.3,25,1.52,0.61,0.36,1.692835378
62,9.3,26,0.21,0.5,0.77,2.125412633
43.6,10,13,1.85,0.54,0.58,-0.571415675
44.1,10,9,1.61,0.58,0.37,-0.80693797
42.8,9.8,10,1.5,0.58,0.4,-0.700156448
62,9.3,26,0.21,0.5,0.77,2.125412633
61,9.1,15,1.41,0.63,0.24,-1.789038401
62,9.1,14,1.6,0.61,0.35,-2.029853354
64,9.2,22,1.03,0.59,0.38,-0.32240446
42.9,9.8,11,1.63,0.54,0.58,-0.665271935
43.8,9.9,16,2.9,0.58,0.5,-0.225331834
62,9.2,18,0.89,0.58,0.44,-1.369631472
60,9.2,19,0.74,0.56,0.51,-0.895154004
61,9.1,20,1.46,0.61,0.39,-0.714012854
61,9.2,18,1.19,0.57,0.5,-1.261880142
43.6,10,13,2.06,0.56,0.58,-0.573262375
44.5,9.95,13,1.5,0.55,0.61,-0.623557503
45.3,10,12,1.26,0.54,0.61,-0.746959833
44.1,10,13,1.38,0.52,0.77,-0.602878022
61,9.1,18,1.46,0.61,0.39,-1.259830488
61,9,17,1.29,0.57,0.48,-1.473488366
60,9,17,1.14,0.55,0.54,-1.363656373
44.2,9.9,13,1.99,0.56,0.61,-0.608732205
44.6,10.1,13,1.63,0.56,0.54,-0.628684592
43.7,10,13,1.62,0.56,0.54,-0.575277405
61,9.1,16,0.56,0.55,0.58,-1.648219378
58,9,15,0.57,0.54,0.59,-1.474747165
58,9,16,0.92,0.58,0.41,-1.32413791
58,9,14,1.11,0.61,0.33,-1.590666932
43.4,10.05,13,1.58,0.55,0.58,-0.558825814
46.1,10,13,0.81,0.53,0.7,-0.721163488
47.2,10.1,16,1.38,0.54,0.65,-0.433339843
57,9.1,15,0.17,0.54,0.55,-1.370215017
45.1,10.15,17,1.37,0.55,0.64,-0.119989733
44.8,10.2,13,1.11,0.56,0.54,-0.637942277
57,9,10,1.37,0.63,0.25,-1.767805567
58,9.1,11,1.31,0.63,0.27,-1.822928979
58,9.1,10,1.31,0.63,0.27,-1.867681391
57,9.1,8,0.8,0.63,0.27,-1.821661983
58,9.1,10,1.15,0.61,0.33,-1.86839714
44.8,10.2,13,1.12,0.56,0.54,-0.638000517
44.8,10.2,13,1.11,0.56,0.54,-0.637942277
66,9.3,27,2.11,0.57,0.54,2.350867361
60,9.4,28,3.4,0.56,0.71,3.866687832
44.8,10.2,13,1.11,0.56,0.54,-0.637942277
70,9.4,29,4.03,0.58,0.64,3.490202852
60,9.6,27,3.18,0.61,0.56,3.049800317
60,10.2,20,3.37,0.65,0.4,-0.63223864
61,10.3,33,6.1,0.58,0.78,9.372852777
61,10.7,33,3.37,0.65,0.4,9.4655869
40.3,9.1,7,0.91,0.65,0.23,-0.636890765
42.4,9.2,8,0.95,0.65,0.22,-0.728963159
42.1,9.1,8,1.01,0.65,0.2,-0.712599964
44,9.1,9,2.3,0.65,0.27,-0.801647508
61,10.7,33,3.37,0.65,0.4,9.4655869
56,11,26,3.03,0.67,0.4,2.72658845
49.5,9.4,9,1.1,0.58,0.37,-1.161131538
50.2,9.4,9,1.1,0.58,0.37,-1.213514254
50.1,9.3,16,2.08,0.61,0.36,-0.635179628
64,11,96,13.36,0.79,0.16,845.8188663
47.4,9.5,15,1.34,0.58,0.47,-0.586629166
44.6,9.4,14,1.34,0.58,0.47,-0.527347227
46.1,9.4,11,1.58,0.59,0.38,-0.851990661
41.3,9.4,22,2.42,0.6,0.42,1.594621904
64,11,86,11.72,0.78,0.18,543.65666
60,11,32,2.61,0.69,0.35,8.224668201
61,11.1,37,3.42,0.64,0.46,16.32088706
64,11.1,30,3.67,0.68,0.36,5.355949943
61,11.2,35,3.68,0.69,0.35,12.60015
64,11.3,41,6.49,0.65,0.44,25.38110113
60,11.3,44,5.58,0.68,0.39,35.09456205
